Name,ppg,rpg,apg,spg,bpg,fgm,fga,fg%,TO,FG3M,FG3A,FTM,FTA,egp
Precious Achiuwa,9.236363636363636,5.963636363636364,0.9090909090909091,0.5636363636363636,0.5454545454545454,3.5636363636363635,7.345454545454546,48.51485148514851,1.0727272727272728,0.5272727272727272,1.9636363636363636,1.5818181818181818,2.2545454545454544,75
Steven Adams,8.595238095238095,11.547619047619047,2.3095238095238093,0.8571428571428571,1.0952380952380953,3.738095238095238,6.261904761904762,59.6958174904943,1.880952380952381,0.0,0.023809523809523808,1.119047619047619,3.0714285714285716,75
Bam Adebayo,20.386666666666667,9.173333333333334,3.2,1.1733333333333333,0.8133333333333334,8.026666666666667,14.853333333333333,54.039497307001795,2.493333333333333,0.013333333333333334,0.16,4.32,5.36,75
Ochai Agbaji,7.915254237288136,2.0508474576271185,1.1355932203389831,0.2711864406779661,0.2542372881355932,2.7966101694915255,6.5423728813559325,42.74611398963731,0.6949152542372882,1.3728813559322033,3.864406779661017,0.9491525423728814,1.1694915254237288,75
Santi Aldama,9.03896103896104,4.818181818181818,1.2597402597402598,0.5844155844155844,0.6233766233766234,3.207792207792208,6.818181818181818,47.04761904761905,0.7792207792207793,1.2207792207792207,3.4545454545454546,1.4025974025974026,1.87012987012987,75
Grayson Allen,10.416666666666666,3.2916666666666665,2.263888888888889,0.8611111111111112,0.19444444444444445,3.4027777777777777,7.736111111111111,43.98563734290844,1.0,2.0277777777777777,5.083333333333333,1.5833333333333333,1.75,75
Jarrett Allen,14.25,9.794117647058824,1.661764705882353,0.7941176470588235,1.2352941176470589,5.926470588235294,9.205882352941176,64.37699680511183,1.3676470588235294,0.014705882352941176,0.14705882352941177,2.3823529411764706,3.25,75
Jose Alvarado,9.01639344262295,2.3114754098360657,3.0491803278688523,1.098360655737705,0.16393442622950818,3.2950819672131146,8.01639344262295,41.104294478527606,1.3278688524590163,1.360655737704918,4.049180327868853,1.0655737704918034,1.3114754098360655,75
Kyle Anderson,9.376811594202898,5.333333333333333,4.855072463768116,1.1304347826086956,0.9130434782608695,3.652173913043478,7.173913043478261,50.90909090909091,1.4927536231884058,0.6231884057971014,1.5217391304347827,1.4492753623188406,1.9710144927536233,75
Giannis Antetokounmpo,31.095238095238095,11.777777777777779,5.698412698412699,0.8253968253968254,0.8095238095238095,11.222222222222221,20.285714285714285,55.320813771518,3.9047619047619047,0.746031746031746,2.7142857142857144,7.904761904761905,12.253968253968255,75
Cole Anthony,13.016666666666667,4.8,3.9166666666666665,0.6166666666666667,0.5166666666666667,4.616666666666666,10.166666666666666,45.409836065573764,1.5166666666666666,1.25,3.433333333333333,2.533333333333333,2.8333333333333335,75
O.G. Anunoby,16.776119402985074,4.955223880597015,1.955223880597015,1.9104477611940298,0.746268656716418,6.2835820895522385,13.208955223880597,47.57062146892655,1.9701492537313432,2.1194029850746268,5.477611940298507,2.08955223880597,2.4925373134328357,75
Deni Avdija,9.171052631578947,6.407894736842105,2.776315789473684,0.8552631578947368,0.3815789473684211,3.3289473684210527,7.618421052631579,43.69602763385147,1.618421052631579,0.9078947368421053,3.0526315789473686,1.605263157894737,2.1710526315789473,75
Deandre Ayton,17.955223880597014,9.955223880597014,1.7164179104477613,0.5522388059701493,0.7910447761194029,7.791044776119403,13.238805970149254,58.85005636978578,1.791044776119403,0.1044776119402985,0.3582089552238806,2.2686567164179103,2.985074626865672,75
Marvin Bagley III,12.0,6.404761904761905,0.8571428571428571,0.4523809523809524,0.7142857142857143,4.809523809523809,9.095238095238095,52.879581151832454,1.0952380952380953,0.4523809523809524,1.5714285714285714,1.9285714285714286,2.5714285714285716,75
LaMelo Ball,23.27777777777778,6.416666666666667,8.444444444444445,1.2777777777777777,0.3055555555555556,8.222222222222221,20.02777777777778,41.05409153952843,3.5833333333333335,4.0,10.63888888888889,2.8333333333333335,3.388888888888889,75
Paolo Banchero,19.958333333333332,6.902777777777778,3.736111111111111,0.8333333333333334,0.5416666666666666,6.652777777777778,15.583333333333334,42.691622103386806,2.7777777777777777,1.1805555555555556,3.9583333333333335,5.472222222222222,7.416666666666667,75
Desmond Bane,21.5,5.017241379310345,4.379310344827586,0.9655172413793104,0.3793103448275862,7.758620689655173,16.189655172413794,47.92332268370607,2.1724137931034484,2.8620689655172415,7.017241379310345,3.1206896551724137,3.5344827586206895,75
Harrison Barnes,15.0,4.463414634146342,1.5609756097560976,0.6951219512195121,0.12195121951219512,4.560975609756097,9.646341463414634,47.2819216182048,1.048780487804878,1.6097560975609757,4.304878048780488,4.2682926829268295,5.036585365853658,75
Scottie Barnes,15.311688311688311,6.64935064935065,4.818181818181818,1.077922077922078,0.7922077922077922,6.012987012987013,13.194805194805195,45.57086614173229,2.0,0.8181818181818182,2.909090909090909,2.4675324675324677,3.1948051948051948,75
RJ Barrett,19.602739726027398,5.041095890410959,2.7534246575342465,0.4246575342465753,0.2054794520547945,6.986301369863014,16.10958904109589,43.36734693877551,2.2465753424657535,1.6575342465753424,5.342465753424658,3.9726027397260273,5.36986301369863,75
Keita Bates-Diop,9.656716417910447,3.701492537313433,1.537313432835821,0.6865671641791045,0.29850746268656714,3.5223880597014925,6.940298507462686,50.752688172043015,0.835820895522388,0.835820895522388,2.1194029850746268,1.7761194029850746,2.2388059701492535,75
Nicolas Batum,6.128205128205129,3.8333333333333335,1.5512820512820513,0.6923076923076923,0.5641025641025641,2.051282051282051,4.884615384615385,41.99475065616797,0.6410256410256411,1.5897435897435896,4.064102564102564,0.4358974358974359,0.6153846153846154,75
Bradley Beal,23.2,3.92,5.42,0.9,0.66,8.88,17.56,50.56947608200456,2.9,1.6,4.38,3.84,4.56,75
Malik Beasley,12.654320987654321,3.493827160493827,1.5308641975308641,0.8024691358024691,0.1111111111111111,4.567901234567901,11.567901234567902,39.48772678762006,1.1111111111111112,2.9012345679012346,8.123456790123457,0.6172839506172839,0.8024691358024691,75
Patrick Beverley,6.1940298507462686,3.6865671641791047,2.8955223880597014,0.9402985074626866,0.6119402985074627,2.1492537313432836,5.373134328358209,40.0,0.8955223880597015,1.1940298507462686,3.5671641791044775,0.7014925373134329,0.9701492537313433,75
Saddiq Bey,13.792207792207792,4.701298701298701,1.5324675324675325,0.9090909090909091,0.16883116883116883,4.584415584415584,10.857142857142858,42.22488038277511,0.922077922077922,1.9610389610389611,5.428571428571429,2.6623376623376624,3.090909090909091,75
Bogdan Bogdanovic,14.0,3.0555555555555554,2.7777777777777777,0.7962962962962963,0.3333333333333333,5.055555555555555,11.314814814814815,44.680851063829785,1.2037037037037037,2.7037037037037037,6.666666666666667,1.1851851851851851,1.4259259259259258,75
Bojan Bogdanovic,21.576271186440678,3.7796610169491527,2.5762711864406778,0.576271186440678,0.13559322033898305,7.288135593220339,14.94915254237288,48.75283446712019,2.288135593220339,2.457627118644068,5.983050847457627,4.5423728813559325,5.135593220338983,75
Bol Bol,9.057142857142857,5.785714285714286,0.9857142857142858,0.42857142857142855,1.2142857142857142,3.7285714285714286,6.828571428571428,54.602510460251054,1.6,0.42857142857142855,1.6142857142857143,1.1714285714285715,1.542857142857143,75
Devin Booker,27.754716981132077,4.528301886792453,5.528301886792453,0.9622641509433962,0.33962264150943394,9.943396226415095,20.132075471698112,49.39081537019682,2.7358490566037736,2.0943396226415096,5.962264150943396,5.773584905660377,6.754716981132075,75
Chris Boucher,9.368421052631579,5.5394736842105265,0.3815789473684211,0.618421052631579,0.8421052631578947,3.4342105263157894,6.9605263157894735,49.33837429111531,0.5394736842105263,0.8157894736842105,2.486842105263158,1.6842105263157894,2.210526315789474,75
Malaki Branham,10.196969696969697,2.742424242424242,1.9242424242424243,0.5,0.10606060606060606,4.075757575757576,9.257575757575758,44.02618657937808,1.1515151515151516,1.1666666666666667,3.8636363636363638,0.8787878787878788,1.0606060606060606,75
Mikal Bridges,20.132530120481928,4.385542168674699,3.289156626506024,1.0963855421686748,0.7349397590361446,7.144578313253012,15.265060240963855,46.8034727703236,1.5301204819277108,2.036144578313253,5.325301204819277,3.8072289156626504,4.253012048192771,75
Malcolm Brogdon,14.925373134328359,4.17910447761194,3.701492537313433,0.6716417910447762,0.26865671641791045,5.2835820895522385,10.925373134328359,48.36065573770491,1.462686567164179,1.9701492537313432,4.432835820895522,2.388059701492537,2.746268656716418,75
Dillon Brooks,14.342465753424657,3.3424657534246576,2.589041095890411,0.8904109589041096,0.2191780821917808,5.36986301369863,13.575342465753424,39.55600403632695,1.4246575342465753,1.9589041095890412,6.013698630136986,1.643835616438356,2.1095890410958904,75
Bruce Brown,11.5375,4.1,3.35,1.0875,0.6375,4.475,9.2625,48.313090418353575,1.5375,1.1375,3.175,1.45,1.9125,75
Jaylen Brown,26.62686567164179,6.850746268656716,3.462686567164179,1.1194029850746268,0.3880597014925373,10.134328358208956,20.64179104477612,49.09616775126537,2.9402985074626864,2.4328358208955225,7.268656716417911,3.925373134328358,5.134328358208955,75
Troy Brown Jr.,7.118421052631579,4.052631578947368,1.25,0.7763157894736842,0.21052631578947367,2.6315789473684212,6.118421052631579,43.01075268817205,0.6447368421052632,1.4078947368421053,3.6973684210526314,0.4473684210526316,0.5131578947368421,75
Jalen Brunson,24.014705882352942,3.5441176470588234,6.1911764705882355,0.8970588235294118,0.22058823529411764,8.632352941176471,17.573529411764707,49.12133891213389,2.088235294117647,1.9705882352941178,4.735294117647059,4.779411764705882,5.764705882352941,75
Reggie Bullock,7.1923076923076925,3.628205128205128,1.3846153846153846,0.6923076923076923,0.16666666666666666,2.4615384615384617,6.0256410256410255,40.851063829787236,0.46153846153846156,1.935897435897436,5.089743589743589,0.3333333333333333,0.47435897435897434,75
Alec Burks,12.784313725490197,3.0980392156862746,2.235294117647059,0.7450980392156863,0.1568627450980392,3.9215686274509802,9.0,43.57298474945534,1.1372549019607843,1.9411764705882353,4.686274509803922,3.0,3.6862745098039214,75
Jimmy Butler,22.90625,5.859375,5.3125,1.828125,0.328125,7.484375,13.875,53.94144144144144,1.578125,0.5625,1.609375,7.375,8.671875,75
Kentavious Caldwell-Pope,10.81578947368421,2.736842105263158,2.4078947368421053,1.4736842105263157,0.4605263157894737,3.8421052631578947,8.31578947368421,46.202531645569614,1.131578947368421,1.7763157894736843,4.197368421052632,1.355263157894737,1.644736842105263,75
Clint Capela,11.984615384615385,11.03076923076923,0.8923076923076924,0.6923076923076923,1.2153846153846153,5.384615384615385,8.246153846153845,65.29850746268659,0.8307692307692308,0.0,0.015384615384615385,1.2153846153846153,2.0153846153846153,75
Jevon Carter,8.037037037037036,2.493827160493827,2.432098765432099,0.8148148148148148,0.35802469135802467,2.950617283950617,6.9753086419753085,42.30088495575221,0.9629629629629629,1.7530864197530864,4.160493827160494,0.38271604938271603,0.4691358024691358,75
Wendell Carter Jr.,15.228070175438596,8.719298245614034,2.3157894736842106,0.5263157894736842,0.5789473684210527,5.649122807017544,10.75438596491228,52.52854812398042,1.8596491228070176,1.4035087719298245,3.9473684210526314,2.526315789473684,3.4210526315789473,75
Alex Caruso,5.582089552238806,2.925373134328358,2.8805970149253732,1.462686567164179,0.6865671641791045,1.9402985074626866,4.268656716417911,45.45454545454545,1.1492537313432836,0.8208955223880597,2.253731343283582,0.8805970149253731,1.0895522388059702,75
Jordan Clarkson,20.83606557377049,4.032786885245901,4.426229508196721,0.5409836065573771,0.21311475409836064,7.508196721311475,16.901639344262296,44.42289039767216,3.0491803278688523,2.540983606557377,7.524590163934426,3.278688524590164,4.016393442622951,75
Nic Claxton,12.644736842105264,9.236842105263158,1.894736842105263,0.8552631578947368,2.486842105263158,5.447368421052632,7.723684210526316,70.52810902896081,1.263157894736842,0.0,0.02631578947368421,1.75,3.236842105263158,75
John Collins,13.112676056338028,6.507042253521127,1.1971830985915493,0.5915492957746479,1.028169014084507,5.056338028169014,9.95774647887324,50.777934936350775,1.1126760563380282,0.9859154929577465,3.380281690140845,2.0140845070422535,2.507042253521127,75
Zach Collins,11.603174603174603,6.380952380952381,2.857142857142857,0.5873015873015873,0.7777777777777778,4.507936507936508,8.698412698412698,51.82481751824818,2.0476190476190474,0.873015873015873,2.3333333333333335,1.7142857142857142,2.253968253968254,75
Chance Comanche,7.0,3.0,0.0,0.0,1.0,3.0,5.0,60.0,0.0,0.0,0.0,1.0,4.0,75
Mike Conley,11.91044776119403,2.716417910447761,6.7164179104477615,1.0895522388059702,0.208955223880597,3.8955223880597014,9.104477611940299,42.786885245901644,1.537313432835821,2.014925373134328,5.2388059701492535,2.1044776119402986,2.5223880597014925,75
Pat Connaughton,7.639344262295082,4.639344262295082,1.2622950819672132,0.6065573770491803,0.18032786885245902,2.7049180327868854,6.901639344262295,39.19239904988123,0.5409836065573771,1.7868852459016393,5.278688524590164,0.4426229508196721,0.6721311475409836,75
Torrey Craig,7.443037974683544,5.3924050632911396,1.481012658227848,0.6329113924050633,0.7848101265822784,2.8860759493670884,6.329113924050633,45.599999999999994,0.9240506329113924,1.2658227848101267,3.2025316455696204,0.4050632911392405,0.569620253164557,75
Cade Cunningham,19.916666666666668,6.166666666666667,6.0,0.8333333333333334,0.5833333333333334,7.75,18.666666666666668,41.51785714285714,3.25,1.4166666666666667,5.083333333333333,3.0,3.5833333333333335,75
Stephen Curry,29.428571428571427,6.089285714285714,6.285714285714286,0.9285714285714286,0.35714285714285715,9.982142857142858,20.232142857142858,49.33804060017653,3.1964285714285716,4.875,11.410714285714286,4.589285714285714,5.017857142857143,75
Anthony Davis,25.910714285714285,12.535714285714286,2.642857142857143,1.0535714285714286,2.0357142857142856,9.678571428571429,17.178571428571427,56.34095634095635,2.1785714285714284,0.3392857142857143,1.3214285714285714,6.214285714285714,7.928571428571429,75
DeMar DeRozan,24.54054054054054,4.635135135135135,5.094594594594595,1.1216216216216217,0.4864864864864865,8.878378378378379,17.60810810810811,50.422102839600925,2.0675675675675675,0.6216216216216216,1.9189189189189189,6.162162162162162,7.0675675675675675,75
Donte DiVincenzo,9.416666666666666,4.513888888888889,3.5,1.3472222222222223,0.1388888888888889,3.263888888888889,7.5,43.51851851851852,1.5555555555555556,2.0833333333333335,5.25,0.8055555555555556,0.9861111111111112,75
Spencer Dinwiddie,17.329113924050635,3.4177215189873418,6.518987341772152,0.8481012658227848,0.3037974683544304,5.822784810126582,13.291139240506329,43.80952380952381,1.8354430379746836,2.2911392405063293,6.2025316455696204,3.392405063291139,4.177215189873418,75
Luka Doncic,32.39393939393939,8.621212121212121,8.015151515151516,1.3636363636363635,0.5,10.893939393939394,21.954545454545453,49.62042788129745,3.5757575757575757,2.803030303030303,8.196969696969697,7.803030303030303,10.515151515151516,75
Luguentz Dort,13.68918918918919,4.648648648648648,2.081081081081081,1.0135135135135136,0.3108108108108108,4.581081081081081,11.797297297297296,38.83161512027492,1.2432432432432432,1.8243243243243243,5.527027027027027,2.7027027027027026,3.5,75
Ayo Dosunmu,8.5875,2.75,2.575,0.775,0.325,3.5125,7.125,49.29824561403509,1.2375,0.7375,2.3625,0.825,1.025,75
Kris Dunn,13.181818181818182,4.545454545454546,5.636363636363637,1.1363636363636365,0.45454545454545453,5.2727272727272725,9.818181818181818,53.703703703703695,1.5909090909090908,0.7727272727272727,1.6363636363636365,1.8636363636363635,2.409090909090909,75
Kevin Durant,29.06382978723404,6.659574468085107,5.0,0.723404255319149,1.425531914893617,10.27659574468085,18.340425531914892,56.03248259860789,3.3191489361702127,1.9787234042553192,4.8936170212765955,6.531914893617022,7.1063829787234045,75
Jalen Duren,9.134328358208956,8.880597014925373,1.1194029850746268,0.6567164179104478,0.8805970149253731,3.8507462686567164,5.940298507462686,64.82412060301507,1.373134328358209,0.0,0.029850746268656716,1.4328358208955223,2.343283582089552,75
Tari Eason,9.268292682926829,6.048780487804878,1.0731707317073171,1.170731707317073,0.573170731707317,3.6097560975609757,8.048780487804878,44.84848484848485,1.2317073170731707,0.7195121951219512,2.097560975609756,1.329268292682927,1.7682926829268293,75
Anthony Edwards,24.632911392405063,5.7974683544303796,4.430379746835443,1.5822784810126582,0.7341772151898734,8.949367088607595,19.50632911392405,45.87929915639196,3.278481012658228,2.6962025316455698,7.3164556962025316,4.037974683544304,5.341772151898734,75
Joel Embiid,33.07575757575758,10.151515151515152,4.151515151515151,1.0,1.696969696969697,11.030303030303031,20.12121212121212,54.81927710843374,3.4242424242424243,1.0,3.0303030303030303,10.015151515151516,11.681818181818182,75
Drew Eubanks,6.641025641025641,5.358974358974359,1.3205128205128205,0.5128205128205128,1.3076923076923077,2.7435897435897436,4.282051282051282,64.07185628742515,0.8589743589743589,0.08974358974358974,0.23076923076923078,1.064102564102564,1.6025641025641026,75
Dorian Finney-Smith,8.348484848484848,4.787878787878788,1.5151515151515151,0.8333333333333334,0.5454545454545454,2.9696969696969697,7.590909090909091,39.12175648702595,0.9393939393939394,1.7272727272727273,5.121212121212121,0.6818181818181818,0.8939393939393939,75
De'Aaron Fox,25.013698630136986,4.191780821917808,6.123287671232877,1.1369863013698631,0.3150684931506849,9.342465753424657,18.232876712328768,51.2396694214876,2.4794520547945207,1.63013698630137,5.027397260273973,4.698630136986301,6.027397260273973,75
Markelle Fultz,13.95,3.9,5.683333333333334,1.45,0.43333333333333335,5.816666666666666,11.316666666666666,51.39911634756995,2.316666666666667,0.45,1.45,1.8666666666666667,2.3833333333333333,75
Daniel Gafford,9.038461538461538,5.551282051282051,1.0769230769230769,0.4230769230769231,1.2692307692307692,3.7051282051282053,5.064102564102564,73.16455696202532,1.0897435897435896,0.0,0.0,1.6282051282051282,2.3974358974358974,75
Darius Garland,21.594202898550726,2.681159420289855,7.797101449275362,1.2318840579710144,0.13043478260869565,7.565217391304348,16.36231884057971,46.2356067316209,2.8840579710144927,2.449275362318841,5.971014492753623,4.0144927536231885,4.6521739130434785,75
Paul George,23.785714285714285,6.107142857142857,5.142857142857143,1.4821428571428572,0.35714285714285715,8.196428571428571,17.928571428571427,45.71713147410359,3.142857142857143,2.8214285714285716,7.607142857142857,4.571428571428571,5.25,75
Josh Giddey,16.57894736842105,7.881578947368421,6.171052631578948,0.75,0.40789473684210525,7.092105263157895,14.710526315789474,48.211091234347045,2.776315789473684,1.0,3.0789473684210527,1.394736842105263,1.9078947368421053,75
Shai Gilgeous-Alexander,31.397058823529413,4.838235294117647,5.455882352941177,1.6470588235294117,0.9558823529411765,10.352941176470589,20.308823529411764,50.977552498189716,2.823529411764706,0.8529411764705882,2.4705882352941178,9.838235294117647,10.867647058823529,75
Jacob Gilyard,3.0,4.0,7.0,3.0,0.0,1.0,3.0,33.33333333333333,2.0,1.0,3.0,0.0,0.0,75
Rudy Gobert,13.414285714285715,11.628571428571428,1.2428571428571429,0.8,1.3571428571428572,5.142857142857143,7.8,65.93406593406594,1.7428571428571429,0.0,0.04285714285714286,3.1285714285714286,4.857142857142857,75
Aaron Gordon,16.308823529411764,6.5588235294117645,2.985294117647059,0.7941176470588235,0.75,6.3088235294117645,11.191176470588236,56.37319316688567,1.4411764705882353,0.8823529411764706,2.5441176470588234,2.8088235294117645,4.617647058823529,75
Eric Gordon,12.405797101449275,1.9420289855072463,2.652173913043478,0.6231884057971014,0.36231884057971014,4.217391304347826,9.46376811594203,44.5635528330781,1.5072463768115942,1.9130434782608696,5.159420289855072,2.0579710144927534,2.5072463768115942,75
Jerami Grant,20.476190476190474,4.492063492063492,2.380952380952381,0.8095238095238095,0.8412698412698413,6.888888888888889,14.492063492063492,47.53559693318729,1.8412698412698412,2.2857142857142856,5.698412698412699,4.412698412698413,5.428571428571429,75
RaiQuan Gray,16.0,9.0,7.0,0.0,1.0,6.0,12.0,50.0,4.0,2.0,5.0,2.0,2.0,75
Draymond Green,8.452054794520548,7.191780821917808,6.8493150684931505,1.0136986301369864,0.821917808219178,3.4246575342465753,6.493150684931507,52.742616033755276,2.7945205479452055,0.547945205479452,1.7945205479452055,1.0547945205479452,1.4794520547945205,75
Jalen Green,22.144736842105264,3.736842105263158,3.6973684210526314,0.7763157894736842,0.23684210526315788,7.447368421052632,17.88157894736842,41.64827078734364,2.6315789473684212,2.460526315789474,7.2894736842105265,4.7894736842105265,6.092105263157895,75
Josh Green,9.1,3.033333333333333,1.7166666666666666,0.7,0.08333333333333333,3.4166666666666665,6.366666666666666,53.66492146596858,1.2,1.1333333333333333,2.816666666666667,1.1333333333333333,1.5666666666666667,75
Quentin Grimes,11.253521126760564,3.2253521126760565,2.112676056338028,0.6619718309859155,0.36619718309859156,3.971830985915493,8.47887323943662,46.84385382059801,0.971830985915493,2.211267605633803,5.732394366197183,1.0985915492957747,1.380281690140845,75
Rui Hachimura,11.222222222222221,4.492063492063492,0.9206349206349206,0.30158730158730157,0.4126984126984127,4.507936507936508,9.26984126984127,48.630136986301366,0.8412698412698413,0.8095238095238095,2.5396825396825395,1.3968253968253967,1.8888888888888888,75
Tyrese Haliburton,20.714285714285715,3.6607142857142856,10.446428571428571,1.625,0.44642857142857145,7.357142857142857,15.017857142857142,48.989298454221164,2.517857142857143,2.875,7.178571428571429,3.125,3.5892857142857144,75
Tim Hardaway Jr.,14.352112676056338,3.535211267605634,1.8169014084507042,0.6901408450704225,0.16901408450704225,4.788732394366197,11.929577464788732,40.141676505312866,0.8450704225352113,2.9859154929577465,7.746478873239437,1.7887323943661972,2.323943661971831,75
James Harden,20.96551724137931,6.103448275862069,10.655172413793103,1.2241379310344827,0.5344827586206896,6.396551724137931,14.517241379310345,44.06175771971496,3.3620689655172415,2.7758620689655173,7.206896551724138,5.396551724137931,6.224137931034483,75
Gary Harris,8.270833333333334,2.0416666666666665,1.2291666666666667,0.9375,0.25,2.875,6.395833333333333,44.95114006514658,0.5833333333333334,1.9583333333333333,4.541666666666667,0.5625,0.625,75
Joe Harris,7.594594594594595,2.2162162162162162,1.364864864864865,0.4594594594594595,0.17567567567567569,2.7162162162162162,5.945945945945946,45.68181818181819,0.5540540540540541,1.9189189189189189,4.5,0.24324324324324326,0.3783783783783784,75
Tobias Harris,14.662162162162161,5.72972972972973,2.5135135135135136,0.918918918918919,0.5405405405405406,5.716216216216216,11.41891891891892,50.05917159763313,1.2027027027027026,1.7027027027027026,4.378378378378378,1.527027027027027,1.7432432432432432,75
Shaquille Harrison,8.8,4.4,6.0,2.2,0.4,3.0,7.2,41.666666666666664,1.2,0.6,2.0,2.2,3.0,75
Josh Hart,9.776315789473685,7.802631578947368,3.8157894736842106,1.1578947368421053,0.27631578947368424,3.6184210526315788,6.842105263157895,52.88461538461539,1.5394736842105263,0.8026315789473685,2.1578947368421053,1.736842105263158,2.3157894736842106,75
Killian Hayes,10.342105263157896,2.9078947368421053,6.184210526315789,1.368421052631579,0.3684210526315789,4.0394736842105265,10.723684210526315,37.66871165644172,2.276315789473684,1.0526315789473684,3.763157894736842,1.2105263157894737,1.4736842105263157,75
Gordon Hayward,14.66,4.3,4.12,0.84,0.24,5.52,11.62,47.50430292598967,1.98,1.04,3.2,2.58,3.18,75
Tyler Herro,20.104477611940297,5.373134328358209,4.17910447761194,0.7611940298507462,0.23880597014925373,7.268656716417911,16.55223880597015,43.91343552750226,2.3582089552238807,3.029850746268657,8.014925373134329,2.537313432835821,2.716417910447761,75
Buddy Hield,16.8,5.0,2.8125,1.15,0.325,5.9375,12.975,45.761078998073216,1.7375,3.6,8.4625,1.325,1.6125,75
Jrue Holiday,19.253731343283583,5.08955223880597,7.388059701492537,1.1791044776119404,0.373134328358209,7.313432835820896,15.26865671641791,47.898338220918866,2.9402985074626864,2.3582089552238807,6.134328358208955,2.2686567164179103,2.6417910447761193,75
Al Horford,9.777777777777779,6.190476190476191,3.0,0.47619047619047616,0.9682539682539683,3.619047619047619,7.603174603174603,47.59916492693111,0.5873015873015873,2.3015873015873014,5.158730158730159,0.23809523809523808,0.3333333333333333,75
Talen Horton-Tucker,10.738461538461538,3.230769230769231,3.7846153846153845,0.6307692307692307,0.4461538461538462,3.953846153846154,9.430769230769231,41.92495921696574,1.9384615384615385,0.8923076923076924,3.123076923076923,1.9384615384615385,2.5846153846153848,75
Kevin Huerter,15.2,3.3466666666666667,2.9466666666666668,1.0666666666666667,0.32,5.6,11.546666666666667,48.498845265588905,1.2933333333333332,2.7333333333333334,6.8,1.2666666666666666,1.7466666666666666,75
De'Andre Hunter,15.35820895522388,4.2388059701492535,1.4029850746268657,0.5223880597014925,0.2537313432835821,5.656716417910448,12.26865671641791,46.107055961070564,1.2238805970149254,1.492537313432836,4.268656716417911,2.5522388059701493,3.08955223880597,75
Joe Ingles,6.891304347826087,2.782608695652174,3.260869565217391,0.717391304347826,0.13043478260869565,2.347826086956522,5.391304347826087,43.5483870967742,1.1956521739130435,1.8043478260869565,4.413043478260869,0.391304347826087,0.45652173913043476,75
Brandon Ingram,24.711111111111112,5.466666666666667,5.822222222222222,0.7111111111111111,0.4222222222222222,8.977777777777778,18.555555555555557,48.38323353293413,3.2888888888888888,1.4222222222222223,3.6444444444444444,5.333333333333333,6.044444444444444,75
Kyrie Irving,27.05,5.066666666666666,5.516666666666667,1.1,0.75,9.9,20.05,49.37655860349127,2.1333333333333333,3.1333333333333333,8.266666666666667,4.116666666666666,4.55,75
Jaden Ivey,16.27027027027027,3.891891891891892,5.22972972972973,0.8243243243243243,0.22972972972972974,5.527027027027027,13.283783783783784,41.60732451678535,3.2027027027027026,1.6216216216216217,4.72972972972973,3.5945945945945947,4.8108108108108105,75
Reggie Jackson,10.191176470588236,2.1176470588235294,3.426470588235294,0.6911764705882353,0.08823529411764706,3.8676470588235294,9.411764705882353,41.09375,1.6911764705882353,1.411764705882353,4.235294117647059,1.0441176470588236,1.1470588235294117,75
Jaren Jackson Jr.,18.61904761904762,6.761904761904762,0.9523809523809523,1.0317460317460319,3.0,6.603174603174603,13.047619047619047,50.60827250608272,1.6984126984126984,1.5873015873015872,4.476190476190476,3.8253968253968256,4.857142857142857,75
LeBron James,28.90909090909091,8.309090909090909,6.818181818181818,0.9090909090909091,0.5818181818181818,11.072727272727272,22.163636363636364,49.95898277276456,3.2363636363636363,2.2,6.8545454545454545,4.5636363636363635,5.945454545454545,75
Cameron Johnson,15.476190476190476,4.404761904761905,1.8571428571428572,1.1904761904761905,0.3333333333333333,5.309523809523809,11.285714285714286,47.0464135021097,0.8809523809523809,2.4523809523809526,6.071428571428571,2.4047619047619047,2.857142857142857,75
Keldon Johnson,21.984126984126984,5.0476190476190474,2.9047619047619047,0.7301587301587301,0.1746031746031746,7.984126984126984,17.666666666666668,45.19317160826595,2.126984126984127,2.126984126984127,6.4603174603174605,3.888888888888889,5.190476190476191,75
Nikola Jokic,24.492753623188406,11.840579710144928,9.826086956521738,1.2608695652173914,0.6811594202898551,9.36231884057971,14.81159420289855,63.20939334637965,3.579710144927536,0.8260869565217391,2.1594202898550723,4.942028985507246,6.0144927536231885,75
Herbert Jones,9.833333333333334,4.075757575757576,2.4545454545454546,1.5606060606060606,0.6363636363636364,3.5606060606060606,7.590909090909091,46.9061876247505,1.3333333333333333,0.8484848484848485,2.5303030303030303,1.8636363636363635,2.4393939393939394,75
Tre Jones,12.867647058823529,3.6029411764705883,6.588235294117647,1.3088235294117647,0.1323529411764706,5.014705882352941,10.926470588235293,45.895020188425306,1.6176470588235294,0.6617647058823529,2.323529411764706,2.176470588235294,2.5294117647058822,75
Tyus Jones,10.2875,2.5,5.2125,1.0375,0.075,3.8875,8.875,43.802816901408455,0.925,1.5125,4.075,1.0,1.25,75
Luke Kennard,9.254237288135593,2.6779661016949152,1.5423728813559323,0.5423728813559322,0.0847457627118644,3.1864406779661016,6.47457627118644,49.21465968586388,0.7796610169491526,2.2542372881355934,4.559322033898305,0.6271186440677966,0.6610169491525424,75
Walker Kessler,9.175675675675675,8.378378378378379,0.9324324324324325,0.35135135135135137,2.3378378378378377,4.027027027027027,5.594594594594595,71.98067632850241,0.7837837837837838,0.013513513513513514,0.04054054054054054,1.1081081081081081,2.1486486486486487,75
Louis King,20.0,4.0,2.0,1.0,0.0,8.0,13.0,61.53846153846154,2.0,4.0,8.0,0.0,1.0,75
Corey Kispert,11.08108108108108,2.7972972972972974,1.1756756756756757,0.43243243243243246,0.12162162162162163,3.9324324324324325,7.905405405405405,49.743589743589745,0.7432432432432432,2.2027027027027026,5.1891891891891895,1.0135135135135136,1.1891891891891893,75
Maxi Kleber,5.945945945945946,3.6486486486486487,1.4054054054054055,0.32432432432432434,0.8108108108108109,2.081081081081081,4.5675675675675675,45.562130177514796,0.7297297297297297,1.054054054054054,3.027027027027027,0.7297297297297297,1.027027027027027,75
John Konchar,5.055555555555555,4.305555555555555,1.3888888888888888,1.0694444444444444,0.3472222222222222,1.9166666666666667,4.444444444444445,43.125,0.5138888888888888,0.8333333333333334,2.4583333333333335,0.3888888888888889,0.5,75
Jonathan Kuminga,9.940298507462687,3.4477611940298507,1.8656716417910448,0.6119402985074627,0.4626865671641791,3.8955223880597014,7.417910447761194,52.51509054325956,1.4179104477611941,0.8059701492537313,2.1791044776119404,1.3432835820895523,2.0597014925373136,75
Kyle Kuzma,21.203125,7.234375,3.734375,0.5625,0.453125,8.0,17.84375,44.833625218914186,2.96875,2.5,7.515625,2.703125,3.703125,75
Zach LaVine,24.844155844155843,4.48051948051948,4.246753246753247,0.8961038961038961,0.23376623376623376,8.74025974025974,18.025974025974026,48.48703170028818,2.5194805194805197,2.6493506493506493,7.064935064935065,4.714285714285714,5.558441558441558,75
Caris LeVert,12.121621621621621,3.810810810810811,3.8783783783783785,0.972972972972973,0.32432432432432434,4.324324324324325,10.027027027027026,43.126684636118604,1.5675675675675675,1.7162162162162162,4.378378378378378,1.7567567567567568,2.4324324324324325,75
Damion Lee,8.162162162162161,3.0405405405405403,1.337837837837838,0.40540540540540543,0.0945945945945946,2.7027027027027026,6.108108108108108,44.24778761061947,1.054054054054054,1.4864864864864864,3.3378378378378377,1.2702702702702702,1.4054054054054055,75
Kawhi Leonard,23.826923076923077,6.5,3.923076923076923,1.3846153846153846,0.5384615384615384,8.576923076923077,16.75,51.205510907003436,1.6923076923076923,2.0,4.8076923076923075,4.673076923076923,5.365384615384615,75
Damian Lillard,32.172413793103445,4.775862068965517,7.327586206896552,0.8620689655172413,0.3103448275862069,9.586206896551724,20.724137931034484,46.25623960066555,3.293103448275862,4.206896551724138,11.344827586206897,8.793103448275861,9.620689655172415,75
Isaiah Livers,6.653846153846154,2.75,0.7884615384615384,0.5384615384615384,0.5384615384615384,2.3076923076923075,5.538461538461538,41.666666666666664,0.5769230769230769,1.4230769230769231,3.9038461538461537,0.6153846153846154,0.75,75
Kevon Looney,7.048780487804878,9.268292682926829,2.524390243902439,0.6341463414634146,0.6097560975609756,2.951219512195122,4.682926829268292,63.020833333333336,0.5487804878048781,0.0,0.012195121951219513,1.146341463414634,1.8902439024390243,75
Brook Lopez,15.884615384615385,6.666666666666667,1.2692307692307692,0.47435897435897434,2.4743589743589745,6.115384615384615,11.525641025641026,53.058954393770854,1.3717948717948718,1.7435897435897436,4.666666666666667,1.9102564102564104,2.4358974358974357,75
Kyle Lowry,11.181818181818182,4.090909090909091,5.109090909090909,1.0363636363636364,0.38181818181818183,3.5636363636363635,8.818181818181818,40.41237113402062,1.8727272727272728,1.9454545454545455,5.636363636363637,2.109090909090909,2.4545454545454546,75
Terance Mann,8.802469135802468,3.4074074074074074,2.271604938271605,0.5185185185185185,0.2716049382716049,3.3580246913580245,6.469135802469136,51.908396946564885,0.9876543209876543,0.9506172839506173,2.4444444444444446,1.1358024691358024,1.4567901234567902,75
Lauri Markkanen,25.62121212121212,8.636363636363637,1.8636363636363635,0.6363636363636364,0.5757575757575758,8.651515151515152,17.348484848484848,49.86899563318778,1.9242424242424243,3.0303030303030303,7.742424242424242,5.287878787878788,6.045454545454546,75
Naji Marshall,9.064935064935066,3.6233766233766236,2.4545454545454546,0.7012987012987013,0.18181818181818182,3.207792207792208,7.415584415584416,43.25744308231174,1.2597402597402598,0.8571428571428571,2.831168831168831,1.7922077922077921,2.272727272727273,75
Caleb Martin,9.619718309859154,4.845070422535211,1.647887323943662,1.0,0.43661971830985913,3.5774647887323945,7.71830985915493,46.35036496350365,1.0985915492957747,1.1830985915492958,3.323943661971831,1.2816901408450705,1.591549295774648,75
Kenyon Martin Jr.,12.670731707317072,5.512195121951219,1.5,0.5,0.36585365853658536,5.0,8.78048780487805,56.94444444444444,1.1097560975609757,0.8292682926829268,2.6341463414634148,1.8414634146341464,2.707317073170732,75
Bennedict Mathurin,16.692307692307693,4.076923076923077,1.4871794871794872,0.6153846153846154,0.16666666666666666,5.294871794871795,12.192307692307692,43.4279705573081,1.9487179487179487,1.2820512820512822,3.9743589743589745,4.82051282051282,5.82051282051282,75
Tyrese Maxey,20.3,2.933333333333333,3.533333333333333,0.8166666666666667,0.13333333333333333,7.316666666666666,15.216666666666667,48.08324205914567,1.3333333333333333,2.6666666666666665,6.15,3.0,3.55,75
Skylar Mays,15.333333333333334,3.1666666666666665,8.333333333333334,1.0,0.16666666666666666,5.666666666666667,11.333333333333334,50.0,1.6666666666666667,2.0,4.333333333333333,2.0,2.1666666666666665,75
Mac McClung,12.5,5.0,4.5,0.0,0.0,4.5,10.0,45.0,1.5,2.0,5.5,1.5,2.5,75
CJ McCollum,20.906666666666666,4.373333333333333,5.72,0.9333333333333333,0.5066666666666667,7.826666666666667,17.92,43.67559523809524,2.44,2.8133333333333335,7.24,2.44,3.1733333333333333,75
T.J. McConnell,8.666666666666666,3.12,5.293333333333333,1.08,0.13333333333333333,3.7733333333333334,6.946666666666666,54.3186180422265,1.9066666666666667,0.3466666666666667,0.7866666666666666,0.7733333333333333,0.9066666666666666,75
Jaden McDaniels,12.063291139240507,3.8860759493670884,1.8734177215189873,0.9367088607594937,0.9620253164556962,4.6835443037974684,9.063291139240507,51.675977653631286,1.4177215189873418,1.3544303797468353,3.4050632911392404,1.3417721518987342,1.8227848101265822,75
Jalen McDaniels,9.4375,4.325,1.625,1.0375,0.425,3.5125,7.7125,45.54294975688817,1.1625,0.9625,2.9,1.45,1.725,75
Doug McDermott,10.21875,2.15625,1.421875,0.203125,0.09375,3.734375,8.171875,45.69789674952199,0.90625,1.921875,4.65625,0.828125,1.09375,75
De'Anthony Melton,10.12987012987013,4.0519480519480515,2.5584415584415585,1.6363636363636365,0.5324675324675324,3.5974025974025974,8.454545454545455,42.54992319508448,1.3246753246753247,2.038961038961039,5.233766233766234,0.8961038961038961,1.12987012987013,75
Khris Middleton,15.06060606060606,4.242424242424242,4.9393939393939394,0.696969696969697,0.15151515151515152,5.363636363636363,12.303030303030303,43.59605911330049,2.1515151515151514,1.5454545454545454,4.909090909090909,2.787878787878788,3.090909090909091,75
Shake Milton,8.381578947368421,2.513157894736842,3.1578947368421053,0.32894736842105265,0.17105263157894737,3.1710526315789473,6.618421052631579,47.912524850894634,1.236842105263158,0.7368421052631579,1.9473684210526316,1.3026315789473684,1.5263157894736843,75
Justin Minaya,4.25,3.75,1.0,0.5,1.25,1.75,5.75,30.434782608695656,1.0,0.75,3.0,0.0,0.25,75
Donovan Mitchell,28.264705882352942,4.25,4.426470588235294,1.4558823529411764,0.39705882352941174,9.985294117647058,20.61764705882353,48.43081312410841,2.6470588235294117,3.6029411764705883,9.338235294117647,4.6911764705882355,5.411764705882353,75
Evan Mobley,16.164556962025316,9.0,2.8354430379746836,0.759493670886076,1.5063291139240507,6.6455696202531644,11.987341772151899,55.43822597676874,1.8481012658227849,0.27848101265822783,1.2911392405063291,2.5949367088607596,3.848101265822785,75
Malik Monk,13.519480519480519,2.6363636363636362,3.8701298701298703,0.6363636363636364,0.2597402597402597,4.636363636363637,10.337662337662337,44.84924623115579,1.896103896103896,1.8571428571428572,5.1688311688311686,2.3896103896103895,2.688311688311688,75
Ja Morant,26.16393442622951,5.852459016393443,8.081967213114755,1.0819672131147542,0.26229508196721313,9.278688524590164,19.901639344262296,46.62273476112026,3.377049180327869,1.5081967213114753,4.918032786885246,6.098360655737705,8.147540983606557,75
Monte Morris,10.258064516129032,3.3870967741935485,5.258064516129032,0.6935483870967742,0.20967741935483872,3.9838709677419355,8.306451612903226,47.961165048543684,0.967741935483871,1.2580645161290323,3.2903225806451615,1.032258064516129,1.2419354838709677,75
Marcus Morris Sr.,11.2,3.9692307692307693,1.7538461538461538,0.6461538461538462,0.3230769230769231,4.2153846153846155,9.892307692307693,42.61275272161742,0.8615384615384616,1.7230769230769232,4.7384615384615385,1.0461538461538462,1.3384615384615384,75
Trey Murphy III,14.531645569620252,3.5569620253164556,1.4177215189873418,1.1265822784810127,0.5443037974683544,4.89873417721519,10.126582278481013,48.375,0.7721518987341772,2.5569620253164556,6.291139240506329,2.1772151898734178,2.4050632911392404,75
Dejounte Murray,20.472972972972972,5.256756756756757,6.054054054054054,1.5135135135135136,0.25675675675675674,8.27027027027027,17.824324324324323,46.39878695981805,2.1621621621621623,1.7972972972972974,5.22972972972973,2.135135135135135,2.5675675675675675,75
Jamal Murray,19.96923076923077,3.953846153846154,6.153846153846154,1.0153846153846153,0.24615384615384617,7.276923076923077,16.015384615384615,45.43707973102786,2.230769230769231,2.646153846153846,6.6461538461538465,2.769230769230769,3.3230769230769233,75
Keegan Murray,12.2,4.6375,1.225,0.7625,0.525,4.425,9.775,45.268542199488486,0.75,2.575,6.2625,0.775,1.0125,75
Larry Nance Jr.,6.7846153846153845,5.446153846153846,1.8307692307692307,0.8615384615384616,0.5692307692307692,2.8615384615384616,4.6923076923076925,60.983606557377044,0.6461538461538462,0.2153846153846154,0.6461538461538462,0.8461538461538461,1.2153846153846153,75
Andrew Nembhard,9.453333333333333,2.6533333333333333,4.546666666666667,0.9333333333333333,0.17333333333333334,3.7866666666666666,8.586666666666666,44.09937888198758,1.68,1.2266666666666666,3.506666666666667,0.6533333333333333,0.8266666666666667,75
Aaron Nesmith,10.10958904109589,3.7945205479452055,1.3424657534246576,0.7534246575342466,0.4657534246575342,3.452054794520548,8.082191780821917,42.71186440677967,1.0273972602739727,1.5753424657534247,4.301369863013699,1.63013698630137,1.9452054794520548,75
Jusuf Nurkic,13.346153846153847,9.057692307692308,2.8653846153846154,0.8269230769230769,0.8461538461538461,5.038461538461538,9.711538461538462,51.881188118811885,2.2884615384615383,0.8269230769230769,2.2884615384615383,2.4423076923076925,3.6923076923076925,75
Royce O'Neale,8.828947368421053,5.052631578947368,3.723684210526316,0.8552631578947368,0.6447368421052632,3.013157894736842,7.802631578947368,38.61720067453626,1.5,2.1447368421052633,5.5131578947368425,0.6578947368421053,0.9078947368421053,75
Onyeka Okongwu,9.8875,7.2,1.0125,0.7,1.3375,3.9625,6.2125,63.78269617706237,1.0125,0.05,0.1625,1.9125,2.45,75
Isaac Okoro,6.447368421052632,2.460526315789474,1.144736842105263,0.7368421052631579,0.39473684210526316,2.3026315789473686,4.657894736842105,49.43502824858758,0.5526315789473685,0.8157894736842105,2.25,1.0263157894736843,1.355263157894737,75
Victor Oladipo,10.69047619047619,3.0476190476190474,3.4761904761904763,1.3571428571428572,0.2857142857142857,3.8095238095238093,9.595238095238095,39.702233250620345,2.0714285714285716,1.6666666666666667,5.0476190476190474,1.4047619047619047,1.880952380952381,75
Kelly Olynyk,12.455882352941176,6.176470588235294,3.7058823529411766,0.8823529411764706,0.5441176470588235,4.088235294117647,8.191176470588236,49.910233393177734,2.4705882352941178,1.3676470588235294,3.4705882352941178,2.911764705882353,3.411764705882353,75
Cedi Osman,8.688311688311689,2.2857142857142856,1.4935064935064934,0.45454545454545453,0.14285714285714285,3.103896103896104,6.883116883116883,45.09433962264151,0.6753246753246753,1.5064935064935066,4.0519480519480515,0.974025974025974,1.4025974025974026,75
Kelly Oubre Jr.,20.25,5.1875,1.125,1.4166666666666667,0.375,7.354166666666667,17.0625,43.101343101343105,1.3333333333333333,2.25,7.0625,3.2916666666666665,4.333333333333333,75
Chris Paul,13.88135593220339,4.254237288135593,8.88135593220339,1.5423728813559323,0.3728813559322034,4.983050847457627,11.322033898305085,44.01197604790419,1.9322033898305084,1.6610169491525424,4.423728813559322,2.2542372881355934,2.711864406779661,75
Cameron Payne,10.270833333333334,2.2083333333333335,4.458333333333333,0.6875,0.16666666666666666,3.9166666666666665,9.4375,41.501103752759384,1.6875,1.4166666666666667,3.8541666666666665,1.0208333333333333,1.3333333333333333,75
Mason Plumlee,10.848101265822784,8.860759493670885,3.1012658227848102,0.5822784810126582,0.5949367088607594,4.1645569620253164,6.1265822784810124,67.97520661157024,1.481012658227848,0.0,0.0,2.518987341772152,3.962025316455696,75
Jakob Poeltl,12.458333333333334,9.069444444444445,2.736111111111111,0.9166666666666666,1.1944444444444444,5.402777777777778,8.583333333333334,62.94498381877022,1.7361111111111112,0.0,0.013888888888888888,1.6527777777777777,2.7916666666666665,75
Aleksej Pokusevski,8.117647058823529,4.676470588235294,1.8823529411764706,0.5882352941176471,1.2647058823529411,3.176470588235294,7.323529411764706,43.373493975903614,1.2647058823529411,1.1176470588235294,3.0588235294117645,0.6470588235294118,1.0294117647058822,75
Jordan Poole,20.426829268292682,2.7439024390243905,4.5,0.7682926829268293,0.25609756097560976,6.7073170731707314,15.585365853658537,43.03599374021909,3.073170731707317,2.6097560975609757,7.7682926829268295,4.402439024390244,5.060975609756097,75
Kevin Porter Jr.,19.152542372881356,5.322033898305085,5.728813559322034,1.3898305084745763,0.288135593220339,6.627118644067797,14.983050847457626,44.23076923076923,3.1864406779661016,2.389830508474576,6.52542372881356,3.5084745762711864,4.47457627118644,75
Michael Porter Jr.,17.419354838709676,5.5,1.0483870967741935,0.5967741935483871,0.46774193548387094,6.419354838709677,13.17741935483871,48.71481028151774,1.096774193548387,3.032258064516129,7.32258064516129,1.5483870967741935,1.935483870967742,75
Bobby Portis,14.1,9.6,1.5,0.4142857142857143,0.22857142857142856,5.685714285714286,11.471428571428572,49.56413449564135,1.1571428571428573,1.3571428571428572,3.6714285714285713,1.3714285714285714,1.7857142857142858,75
Kristaps Porzingis,23.153846153846153,8.4,2.6769230769230767,0.8923076923076924,1.5384615384615385,7.8,15.661538461538461,49.80353634577603,2.1076923076923078,2.1076923076923078,5.476923076923077,5.446153846153846,6.4,75
Norman Powell,16.983333333333334,2.9166666666666665,1.8166666666666667,0.8333333333333334,0.3,5.666666666666667,11.833333333333334,47.887323943661976,1.6833333333333333,1.9,4.783333333333333,3.75,4.616666666666666,75
Joshua Primo,7.0,3.25,4.5,0.25,0.5,2.25,6.5,34.61538461538461,2.75,0.75,3.0,1.75,2.25,75
Taurean Prince,9.12962962962963,2.4444444444444446,1.5555555555555556,0.5185185185185185,0.2777777777777778,3.2777777777777777,7.018518518518518,46.70184696569921,1.2777777777777777,1.3703703703703705,3.5925925925925926,1.2037037037037037,1.4259259259259258,75
Immanuel Quickley,14.925925925925926,4.160493827160494,3.4444444444444446,0.9876543209876543,0.1728395061728395,5.172839506172839,11.555555555555555,44.76495726495727,1.2345679012345678,2.074074074074074,5.604938271604938,2.506172839506173,3.0617283950617282,75
Julius Randle,25.142857142857142,9.96103896103896,4.103896103896104,0.6363636363636364,0.2727272727272727,8.545454545454545,18.5974025974026,45.94972067039105,2.8051948051948052,2.831168831168831,8.25974025974026,5.220779220779221,6.896103896103896,75
Austin Reaves,13.015625,3.015625,3.359375,0.515625,0.296875,4.046875,7.65625,52.85714285714286,1.546875,1.34375,3.375,3.578125,4.140625,75
Cam Reddish,9.675,2.2,1.425,0.975,0.35,3.475,7.8,44.55128205128205,1.175,1.125,3.6,1.6,1.875,75
Josh Richardson,10.061538461538461,2.6923076923076925,2.6769230769230767,1.0615384615384615,0.3076923076923077,3.6769230769230767,8.523076923076923,43.14079422382671,1.323076923076923,1.646153846153846,4.507692307692308,1.0615384615384615,1.2461538461538462,75
Mitchell Robinson,7.372881355932203,9.40677966101695,0.8983050847457628,0.9491525423728814,1.847457627118644,3.1864406779661016,4.745762711864407,67.14285714285715,0.6949152542372882,0.0,0.0,1.0,2.0677966101694913,75
Terrence Ross,8.285714285714286,2.4444444444444446,1.507936507936508,0.5555555555555556,0.15873015873015872,3.1746031746031744,7.380952380952381,43.01075268817204,0.6825396825396826,1.507936507936508,4.095238095238095,0.42857142857142855,0.5396825396825397,75
Terry Rozier,21.095238095238095,4.111111111111111,5.063492063492063,1.1746031746031746,0.25396825396825395,7.825396825396825,18.857142857142858,41.4983164983165,2.126984126984127,2.619047619047619,8.015873015873016,2.8253968253968256,3.492063492063492,75
D'Angelo Russell,17.788732394366196,3.028169014084507,6.154929577464789,0.9859154929577465,0.4084507042253521,6.267605633802817,13.352112676056338,46.94092827004219,2.619718309859155,2.732394366197183,6.901408450704225,2.5211267605633805,3.0422535211267605,75
Domantas Sabonis,19.11392405063291,12.316455696202532,7.253164556962025,0.8227848101265823,0.4936708860759494,7.30379746835443,11.873417721518987,61.513859275053306,2.911392405063291,0.3924050632911392,1.0506329113924051,4.113924050632911,5.544303797468355,75
Luka Samanic,9.857142857142858,4.285714285714286,2.142857142857143,0.8571428571428571,0.2857142857142857,3.7142857142857144,8.142857142857142,45.6140350877193,1.4285714285714286,1.1428571428571428,4.428571428571429,1.2857142857142858,1.8571428571428572,75
Dennis Schroder,12.388059701492537,2.462686567164179,4.447761194029851,0.746268656716418,0.14925373134328357,4.029850746268656,9.701492537313433,41.53846153846153,1.671641791044776,1.1044776119402986,3.3582089552238807,3.2238805970149254,3.7611940298507465,75
Alperen Sengun,14.786666666666667,9.04,3.88,0.9333333333333333,0.9333333333333333,5.8933333333333335,10.653333333333334,55.319148936170215,2.5733333333333333,0.25333333333333335,0.76,2.7466666666666666,3.84,75
Collin Sexton,14.270833333333334,2.1875,2.875,0.5625,0.125,4.9375,9.75,50.641025641025635,1.7708333333333333,1.0,2.5416666666666665,3.3958333333333335,4.145833333333333,75
Landry Shamet,8.65,1.675,2.325,0.65,0.125,2.825,7.5,37.66666666666667,0.9,1.875,4.975,1.125,1.275,75
Shaedon Sharpe,9.8625,2.95,1.175,0.475,0.3,3.825,8.1,47.22222222222223,1.0375,1.275,3.5375,0.9375,1.3125,75
Pascal Siakam,24.225352112676056,7.830985915492958,5.845070422535211,0.9154929577464789,0.5070422535211268,8.873239436619718,18.492957746478872,47.98172124904798,2.380281690140845,1.3098591549295775,4.042253521126761,5.169014084507042,6.676056338028169,75
Ben Simmons,6.928571428571429,6.261904761904762,6.095238095238095,1.2857142857142858,0.5714285714285714,3.1666666666666665,5.595238095238095,56.59574468085107,2.3095238095238093,0.0,0.047619047619047616,0.5952380952380952,1.3571428571428572,75
Anfernee Simons,21.06451612903226,2.596774193548387,4.080645161290323,0.6774193548387096,0.22580645161290322,7.532258064516129,16.85483870967742,44.688995215311,2.064516129032258,3.4193548387096775,9.064516129032258,2.5806451612903225,2.8870967741935485,75
Marcus Smart,11.524590163934427,3.1311475409836067,6.262295081967213,1.5245901639344261,0.3770491803278688,4.098360655737705,9.868852459016393,41.5282392026578,2.3442622950819674,1.8852459016393444,5.60655737704918,1.4426229508196722,1.9344262295081966,75
Dennis Smith Jr.,8.777777777777779,3.0925925925925926,4.833333333333333,1.3888888888888888,0.46296296296296297,3.4444444444444446,8.37037037037037,41.15044247787611,1.5185185185185186,0.4444444444444444,2.0555555555555554,1.4444444444444444,1.962962962962963,75
Jabari Smith Jr.,12.784810126582279,7.2025316455696204,1.2784810126582278,0.5443037974683544,0.9367088607594937,4.6075949367088604,11.291139240506329,40.80717488789237,1.3164556962025316,1.518987341772152,4.949367088607595,2.050632911392405,2.607594936708861,75
Jeremy Sochan,10.964285714285714,5.267857142857143,2.5357142857142856,0.7678571428571429,0.4107142857142857,4.464285714285714,9.857142857142858,45.289855072463766,1.7321428571428572,0.5892857142857143,2.392857142857143,1.4464285714285714,2.0714285714285716,75
Isaiah Stewart,11.34,8.06,1.4,0.4,0.68,3.9,8.82,44.21768707482993,1.36,1.34,4.1,2.2,2.98,75
Max Strus,11.5375,3.225,2.1375,0.525,0.15,4.05,9.875,41.0126582278481,0.875,2.4625,7.0375,0.975,1.1125,75
Jalen Suggs,9.88679245283019,3.0377358490566038,2.9245283018867925,1.2641509433962264,0.5094339622641509,3.509433962264151,8.377358490566039,41.891891891891895,1.7735849056603774,1.2452830188679245,3.811320754716981,1.6226415094339623,2.2452830188679247,75
Jae'Sean Tate,9.129032258064516,3.806451612903226,2.7096774193548385,0.6774193548387096,0.22580645161290322,3.5483870967741935,7.387096774193548,48.03493449781659,1.5161290322580645,0.41935483870967744,1.4838709677419355,1.6129032258064515,2.225806451612903,75
Jayson Tatum,30.06756756756757,8.77027027027027,4.621621621621622,1.054054054054054,0.6891891891891891,9.824324324324325,21.06756756756757,46.63245670301475,2.8783783783783785,3.2432432432432434,9.27027027027027,7.175675675675675,8.405405405405405,75
Klay Thompson,21.869565217391305,4.144927536231884,2.36231884057971,0.7101449275362319,0.42028985507246375,7.913043478260869,18.144927536231883,43.61022364217252,1.7826086956521738,4.36231884057971,10.594202898550725,1.681159420289855,1.9130434782608696,75
Karl-Anthony Towns,20.75862068965517,8.137931034482758,4.827586206896552,0.6896551724137931,0.5862068965517241,7.310344827586207,14.758620689655173,49.532710280373834,2.9655172413793105,2.0689655172413794,5.655172413793103,4.068965517241379,4.655172413793103,75
Gary Trent Jr.,17.393939393939394,2.621212121212121,1.606060606060606,1.5757575757575757,0.21212121212121213,6.136363636363637,14.166666666666666,43.31550802139038,0.8333333333333334,2.515151515151515,6.818181818181818,2.606060606060606,3.106060606060606,75
P.J. Tucker,3.546666666666667,3.933333333333333,0.8,0.52,0.2,1.28,3.0,42.66666666666667,0.5866666666666667,0.7333333333333333,1.8666666666666667,0.25333333333333335,0.30666666666666664,75
Myles Turner,17.951612903225808,7.516129032258065,1.435483870967742,0.5806451612903226,2.2580645161290325,6.483870967741935,11.82258064516129,54.84311050477489,1.6612903225806452,1.5,4.016129032258065,3.4838709677419355,4.451612903225806,75
Jonas Valanciunas,14.113924050632912,10.177215189873417,1.7721518987341771,0.25316455696202533,0.6582278481012658,5.6455696202531644,10.329113924050633,54.65686274509803,2.0126582278481013,0.4810126582278481,1.379746835443038,2.3417721518987342,2.8354430379746836,75
Fred VanVleet,19.347826086956523,4.057971014492754,7.173913043478261,1.7826086956521738,0.5507246376811594,6.333333333333333,16.115942028985508,39.298561151079134,2.028985507246377,3.0,8.782608695652174,3.681159420289855,4.101449275362318,75
Jarred Vanderbilt,7.935897435897436,7.461538461538462,2.358974358974359,1.064102564102564,0.2692307692307692,3.1666666666666665,5.782051282051282,54.76718403547671,1.2435897435897436,0.3717948717948718,1.1538461538461537,1.2307692307692308,1.7820512820512822,75
Devin Vassell,18.5,3.8947368421052633,3.5789473684210527,1.131578947368421,0.4473684210526316,6.868421052631579,15.657894736842104,43.865546218487395,1.5,2.710526315789474,7.0,2.0526315789473686,2.6315789473684212,75
Gabe Vincent,9.426470588235293,2.1323529411764706,2.4558823529411766,0.9117647058823529,0.07352941176470588,3.3529411764705883,8.338235294117647,40.211640211640216,1.3529411764705883,1.7205882352941178,5.147058823529412,1.0,1.1470588235294117,75
Nikola Vucevic,17.646341463414632,11.012195121951219,3.231707317073171,0.7317073170731707,0.6951219512195121,7.280487804878049,14.0,52.00348432055749,1.6951219512195121,1.475609756097561,4.2317073170731705,1.6097560975609757,1.9268292682926829,75
Dean Wade,4.681818181818182,3.409090909090909,0.8409090909090909,0.6363636363636364,0.4772727272727273,1.6590909090909092,4.0227272727272725,41.24293785310735,0.38636363636363635,1.0227272727272727,2.8863636363636362,0.3409090909090909,0.5227272727272727,75
Franz Wagner,18.5625,4.1125,3.5375,0.9625,0.2125,6.775,13.975,48.479427549194995,2.0875,1.625,4.5,3.3875,4.025,75
Lonnie Walker IV,11.678571428571429,1.9464285714285714,1.1428571428571428,0.5357142857142857,0.30357142857142855,4.214285714285714,9.410714285714286,44.78178368121442,0.8214285714285714,1.625,4.446428571428571,1.625,1.8928571428571428,75
John Wall,11.352941176470589,2.7058823529411766,5.235294117647059,0.7941176470588235,0.35294117647058826,4.0588235294117645,9.941176470588236,40.828402366863905,2.3529411764705883,0.9705882352941176,3.2058823529411766,2.264705882352941,3.323529411764706,75
P.J. Washington,15.67123287671233,4.904109589041096,2.3972602739726026,0.9041095890410958,1.082191780821918,5.945205479452055,13.397260273972602,44.376278118609406,1.5068493150684932,2.041095890410959,5.863013698630137,1.7397260273972603,2.3835616438356166,75
Russell Westbrook,15.876712328767123,5.794520547945205,7.5479452054794525,1.0410958904109588,0.4520547945205479,5.917808219178082,13.575342465753424,43.59233097880929,3.493150684931507,1.2191780821917808,3.9178082191780823,2.8219178082191783,4.301369863013699,75
Coby White,9.662162162162161,2.864864864864865,2.7567567567567566,0.7297297297297297,0.08108108108108109,3.554054054054054,8.027027027027026,44.27609427609428,1.0,1.7297297297297298,4.648648648648648,0.8243243243243243,0.9459459459459459,75
Derrick White,12.402439024390244,3.573170731707317,3.9146341463414633,0.6585365853658537,0.926829268292683,4.2682926829268295,9.24390243902439,46.17414248021108,1.1585365853658536,1.8170731707317074,4.7682926829268295,2.048780487804878,2.341463414634146,75
Andrew Wiggins,17.10810810810811,5.027027027027027,2.2972972972972974,1.2162162162162162,0.7567567567567568,6.756756756756757,14.297297297297296,47.258979206049155,1.2972972972972974,2.4054054054054053,6.081081081081081,1.1891891891891893,1.945945945945946,75
Grant Williams,8.113924050632912,4.594936708860759,1.6582278481012658,0.5189873417721519,0.3924050632911392,2.7341772151898733,6.025316455696203,45.378151260504204,1.0379746835443038,1.4556962025316456,3.6835443037974684,1.1898734177215189,1.5443037974683544,75
Jalen Williams,14.08,4.493333333333333,3.3066666666666666,1.3733333333333333,0.4666666666666667,5.52,10.586666666666666,52.141057934508815,1.64,0.9733333333333334,2.7333333333333334,2.066666666666667,2.546666666666667,75
Jeenathan Williams,10.6,3.0,2.0,0.6,0.4,4.8,7.8,61.53846153846154,0.8,0.6,1.6,0.4,0.6,75
Kenrich Williams,8.018867924528301,4.9245283018867925,1.9811320754716981,0.8490566037735849,0.2641509433962264,3.3773584905660377,6.528301886792453,51.73410404624278,0.6037735849056604,0.9433962264150944,2.5283018867924527,0.32075471698113206,0.7358490566037735,75
Patrick Williams,10.158536585365853,3.9878048780487805,1.2195121951219512,0.8780487804878049,0.8536585365853658,3.8292682926829267,8.25609756097561,46.38109305760709,1.2317073170731707,1.4024390243902438,3.3780487804878048,1.0975609756097562,1.2804878048780488,75
Robert Williams III,7.9714285714285715,8.342857142857143,1.4285714285714286,0.6285714285714286,1.3714285714285714,3.6285714285714286,4.857142857142857,74.70588235294117,0.9714285714285714,0.0,0.02857142857142857,0.7142857142857143,1.1714285714285715,75
Zion Williamson,26.0,6.9655172413793105,4.586206896551724,1.103448275862069,0.5517241379310345,9.827586206896552,16.17241379310345,60.76759061833689,3.413793103448276,0.2413793103448276,0.6551724137931034,6.103448275862069,8.551724137931034,75
Justise Winslow,6.758620689655173,5.0,3.3793103448275863,1.0344827586206897,0.3793103448275862,2.793103448275862,6.827586206896552,40.909090909090914,1.4827586206896552,0.4827586206896552,1.5517241379310345,0.6896551724137931,0.9655172413793104,75
Christian Wood,16.62686567164179,7.3283582089552235,1.8059701492537314,0.44776119402985076,1.0746268656716418,5.91044776119403,11.477611940298507,51.49544863459038,1.8059701492537314,1.5671641791044777,4.164179104477612,3.2388059701492535,4.1940298507462686,75
Delon Wright,7.38,3.6,3.88,1.84,0.34,2.76,5.82,47.42268041237113,0.88,0.82,2.38,1.04,1.2,75
Trae Young,26.21917808219178,2.9726027397260273,10.150684931506849,1.095890410958904,0.1232876712328767,8.178082191780822,19.041095890410958,42.94964028776979,4.109589041095891,2.1095890410958904,6.301369863013699,7.7534246575342465,8.753424657534246,75
Ivica Zubac,10.763157894736842,9.947368421052632,1.013157894736842,0.3815789473684211,1.2894736842105263,4.2894736842105265,6.7631578947368425,63.42412451361867,1.5394736842105263,0.0,0.02631578947368421,2.1842105263157894,3.1315789473684212,75
